INSERT INTO `partystatus` (`id`,`desc`) VALUES (1,'active');
INSERT INTO `partystatus` (`id`,`desc`) VALUES (2,'inactive');
INSERT INTO `role` (`id`,`name`) VALUES (1,'advisor');
INSERT INTO `role` (`id`,`name`) VALUES (2,'investor');
INSERT INTO `role` (`id`,`name`) VALUES (3,'nonindividual');
INSERT INTO `advisor` (`advId`,`name`, `designation`,`userName`, `emailId`, `password`, `phoneNumber`,`partyStatusId`,`created`,`updated`,`created_by`,`updated_by`,`delete_flag`,`advType`,`imagePath`,`parentPartyId`,`firmType`,`corporateLable`,`website`,`gst`,`isVerified`,`verifiedBy`,`verified`,`workFlowStatus`,`approvedDate`,`approvedBy`,`reason_for_revoked`) VALUES ('ADV000000000A','adv','Eng','user','adv@adv.com','!@AS12as','9874563210',1, '2019-03-07 10:58:58', '2019-03-07 10:58:58','ADV000000000A','ADV000000000A','N',1,'image',0,'firmType','corporateLabel','website',10,1,'advisor','2019-03-07 10:58:58',4,'2020-09-26 16:20:48','ADV000000000A','reason');
INSERT INTO `party` (`partyId`, `partyStatusId`, `roleBasedId`, `created`, `updated`,`created_by`,`updated_by`, `parentPartyId`, `emailId`, `password`,  `delete_flag`,`userName`,`panNumber`,`phoneNumber`) VALUES (1, 1, 'ADV000000000A', '2020-07-06 15:37:54', '2020-07-06 15:37:54','ADV000000000A','ADV000000000A', 1,'adv@adv.com','!@AS12as', 'N','advisor','BLOOM1234K','8859741230');
INSERT INTO `award` (`awardId`,`title`, `issuedBy`, `year`, `imagePath`, `advId`,`delete_flag`,`created`,`updated`,`created_by`,`updated_by`) values (1,'Award','IRDA','1998','award.jpg','ADV000000000A', 'N','2020-07-06 15:37:54','2020-07-06 15:37:54','ADV000000000A','ADV000000000A');
INSERT INTO `certificate` (`certificateId`,`title`, `issuedBy`, `year`, `imagePath`, `advId`,`delete_flag`,`created`,`updated`,`created_by`,`updated_by`) values (1,'Certificate','IRDA','1999', 'certificate.jpg','ADV000000000A','N','2020-07-06 15:37:54','2020-07-06 15:37:54','ADV000000000A','ADV000000000A');
INSERT INTO `education` (`eduId`,`institution`, `degree`, `field`, `fromYear`, `toYear`, `advId`,`delete_flag`,`created`,`updated`,`created_by`,`updated_by`) values (1,'IIT','B.E','IT','MAR-1996','AUG-1998', 'ADV000000000A', 'N','2020-07-06 15:37:54','2020-07-06 15:37:54','ADV000000000A','ADV000000000A');
INSERT INTO `experience` (`expId`,`company`, `designation`, `location`, `fromYear`, `toYear`, `advId`,`delete_flag`,`created`,`updated`,`created_by`,`updated_by`) values (1,'sowise','engineer','chennai','JUN-2002','SEP-2004', 'ADV000000000A', 'N','2020-07-06 15:37:54','2020-07-06 15:37:54','ADV000000000A','ADV000000000A');
INSERT INTO `advproduct` (`advProdId`,`advId`, `prodId`, `serviceId`,`remId`,`licId`,`delete_flag`,`licImage`,`licNumber`,`validity`,`created`,`updated`,`created_by`,`updated_by`) values (1,'ADV000000000A',1,'1',1,1,'N','product.jpg','ABC123','12-05-2012', '2019-03-07 10:58:58', '2019-03-07 10:58:58','ADV000000000A','ADV000000000A');
INSERT INTO `secret_key` (`key`) VALUES('Key');
INSERT INTO `advisorType` (`id`,`advType`) VALUES (1,'individual');
INSERT INTO `advisorType` (`id`,`advType`) VALUES (2,'corporate');
INSERT INTO `product` (`prodId`,`product`) VALUES (3,'Mutual funds');
INSERT INTO `service` (`serviceId`,`service`,`prodId`) VALUES (1,'GoalPlanning',3);
INSERT INTO `brand` (`brandId`,`brand`,`prodId`) VALUES (1,'Aditya Birla Sun Life',3);
INSERT INTO `brand` (`brandId`,`brand`,`prodId`) VALUES (2,'axis',3);
INSERT INTO `advbrandinfo` (`prodId`, `serviceId`,`brandId`, `delete_flag`, `priority`,`advId`, `created`, `updated`,`created_by`,`updated_by`) values (1,'1',1,'N',1,'ADV000000000A', '2019-03-07 10:58:58', '2019-03-07 10:58:58','ADV000000000A','ADV000000000A');
INSERT INTO `advbrandinfo` (`prodId`, `serviceId`,`brandId`, `delete_flag`, `priority`,`advId`, `created`, `updated`,`created_by`,`updated_by`) values (1,'2',2,'N',2,'ADV000000000A', '2019-03-07 10:58:58', '2019-03-07 10:58:58','ADV000000000A','ADV000000000A');
INSERT INTO `license` (`licId`,`license`,`issuedBy`,`prodId`) VALUES (1,'Certified Financial Planning','FPSB India',1);
INSERT INTO `remuneration` (`remId`,`remuneration`) VALUES (1,'Fee');
INSERT INTO `advbrandrank` (`advBrandRankId`,`advId`,`prodId`,`brandId`,`ranking`,`delete_flag`, `created`, `updated`,`created_by`,`updated_by`) VALUES (1,'ADV000000000A',1,1,1,'N', '2019-03-07 10:58:58', '2019-03-07 10:58:58','ADV000000000A','ADV000000000A');
INSERT INTO `advbrandrank` (`advBrandRankId`,`advId`,`prodId`,`brandId`,`ranking`,`delete_flag`, `created`, `updated`,`created_by`,`updated_by`) VALUES (2,'ADV000000000A',2,2,2,'N', '2019-03-07 10:58:58', '2019-03-07 10:58:58','ADV000000000A','ADV000000000A');
INSERT INTO `category` (`categoryId`,`categoryTypeId`,`desc`) VALUES (1,1,'Life insurance');
INSERT INTO `category` (`categoryId`,`categoryTypeId`,`desc`) VALUES (2,1,'general insurance');
INSERT INTO `categorytype` (`categoryTypeId`,`desc`) VALUES (1,'investment');
INSERT INTO `categorytype` (`categoryTypeId`,`desc`) VALUES (2,'accounting');
INSERT INTO `forumcategory` (`forumCategoryId`,`name`) VALUES (1,'mutual funds');
INSERT INTO `forumcategory` (`forumCategoryId`,`name`) VALUES (2,'stock');
INSERT INTO `riskquestionaire` (`answerId`,`answer`,`question`,`questionId`,`score`) VALUES (2,'i dont take risk at all','how would you rate your willingness to take risk','1',1);
INSERT INTO `forumsubcategory` (`forumSubCategoryId`,`forumCategoryId`,`name`) VALUES (1,1,'equity fund');
INSERT INTO `forumstatus` (`id`,`desc`) VALUES (1,'init');
INSERT INTO `state` (`stateId`,`state`) VALUES (1,'Andhra Pradesh');
INSERT INTO `city` (`cityId`,`stateId`,`city`,`pincode`) VALUES (1,1,'Achampalle','515621');
INSERT INTO `city` (`cityId`,`stateId`,`city`,`pincode`) VALUES (2,1,'Adaram','517643');
INSERT INTO `advisorsmartid` (`s_no`,`id`) VALUES (1,'ADV000000000B');
INSERT INTO `articlestatus` (`id`,`desc`) VALUES (1,'active');
INSERT INTO `investor` (`invId`,`fullName`, `displayName`, `dob`, `gender`, `emailId`, `password`, `phoneNumber`, `pincode`, `partyStatusId`, `created`, `updated`,`created_by`,`updated_by`,`delete_flag`) values ('INV000000000A','investor','inv','1996-07-10','f', 'investor@gmail.com', '!@AS12as', '9874563219', '645123', 1, '2019-07-17 14:58:28', '2019-08-23 14:25:33','ADV000000000A','ADV000000000A','N');
INSERT INTO `investorsmartid` (`id`) VALUES ('INV000000000A');
INSERT INTO `keypeople` (`keyPeopleId`,`fullName`,`designation`,`image`,`parentPartyId`,`created`,`updated`,`created_by`,`updated_by`,`delete_flag`) VALUES (1,'xyz','developer','aaa.jpg',1,'2020-08-26 15:36:44','2020-08-26 15:36:44','ADV000000000A','ADV000000000A','N');
INSERT INTO `workflowstatus` (`workflowId`,`status`) VALUES (4,'approved');
INSERT INTO `workflowstatus` (`workflowId`,`status`) VALUES (1,'default');
INSERT INTO `workflowstatus` (`workflowId`,`status`) VALUES (6,'revoked');
INSERT INTO `workflowstatus` (`workflowId`,`status`) VALUES (5,'hide_public');
INSERT INTO `public_advisor` (`advId`,`name`, `designation`,`userName`, `emailId`, `password`, `phoneNumber`,`partyStatusId`,`created`,`updated`,`created_by`,`updated_by`,`delete_flag`,`advType`,`imagePath`,`parentPartyId`,`firmType`,`corporateLable`,`website`,`isVerified`,`verifiedBy`,`verified`,`workFlowStatus`,`approvedDate`,`approvedBy`) VALUES ('ADV000000000A','adv','Eng','user','adv@adv.com','!@AS12as','9874563210',1, '2019-03-07 10:58:58', '2019-03-07 10:58:58','ADV000000000A','ADV000000000A','N',1,'image',0,'firmType','corporateLabel','website',1,'advisor','2019-03-07 10:58:58',4,'2020-09-26 16:20:48','ADV000000000A');
INSERT INTO `public_award` (`awardId`,`title`, `issuedBy`, `year`, `imagePath`, `advId`,`delete_flag`,`created`,`updated`,`created_by`,`updated_by`) values (1,'Award','IRDA','1998','award.jpg','ADV000000000A', 'N','2020-10-17 13:42:42','2020-10-17 13:42:42','ADV000000000A','ADV000000000A');
INSERT INTO `public_certificate` (`certificateId`,`title`, `issuedBy`, `year`, `imagePath`, `advId`,`delete_flag`,`created`,`updated`,`created_by`,`updated_by`) values (1,'Certificate','IRDA','1999', 'certificate.jpg','ADV000000000A','N','2020-10-17 13:42:42','2020-10-17 13:42:42','ADV000000000A','ADV000000000A');
INSERT INTO `public_education` (`eduId`,`institution`, `degree`, `field`, `fromYear`, `toYear`, `advId`,`delete_flag`,`created`,`updated`,`created_by`,`updated_by`) values (1,'IIT','B.E','IT','MAR-1996','AUG-1998', 'ADV000000000A', 'N','2020-10-17 13:42:42','2020-10-17 13:42:42','ADV000000000A','ADV000000000A');
INSERT INTO `public_experience` (`expId`,`company`, `designation`, `location`, `fromYear`, `toYear`, `advId`,`delete_flag`,`created`,`updated`,`created_by`,`updated_by`) values (1,'sowise','engineer','chennai','JUN-2002','SEP-2004', 'ADV000000000A', 'N','2020-10-17 13:42:42','2020-10-17 13:42:42','ADV000000000A','ADV000000000A');
INSERT INTO `public_promotion` (`advId`, `title`, `aboutVideo`,`video`,`imagePath`,`delete_flag`,`created`,`updated`,`created_by`,`updated_by`) values ('ADV000000000A','advisorVDO','Advisor Videos','adv.mp4','image','N','2020-10-17 13:42:42','2020-10-17 13:42:42','ADV000000000A','ADV000000000A');
INSERT INTO `public_advproduct` (`advProdId`,`advId`, `prodId`, `serviceId`,`remId`,`licId`,`delete_flag`,`licImage`,`licNumber`,`validity`,`created`,`updated`,`created_by`,`updated_by`) values (1,'ADV000000000A',1,'1',1,1,'N','product.jpg','ABC123','12-05-2012','2020-10-17 13:42:42','2020-10-17 13:42:42','ADV000000000A','ADV000000000A');
INSERT INTO `public_advbrandinfo` (`prodId`, `serviceId`,`brandId`, `delete_flag`, `priority`,`advId`,`created`, `updated`,`created_by`,`updated_by`) values (1,'1',1,'N',1,'ADV000000000A','2020-10-17 13:42:42','2020-10-17 13:42:42','ADV000000000A','ADV000000000A');
INSERT INTO `public_advbrandinfo` (`prodId`, `serviceId`,`brandId`, `delete_flag`, `priority`,`advId`,`created`, `updated`,`created_by`,`updated_by`) values (1,'2',2,'N',2,'ADV000000000A','2020-10-17 13:42:42','2020-10-17 13:42:42','ADV000000000A','ADV000000000A');
INSERT INTO `followers` (`followersId`,`advId`,`userId`,`userType`,`status`,`created`,`created_by`,`updated`,`updated_by`,`byWhom`) VALUES(1,'ADV000000000A','INV000000000A',2,1,'2020-10-17 13:42:42','INV000000000A','2020-10-17 13:42:42','INV000000000A','INV000000000A');
INSERT INTO `followers` (`followersId`,`advId`,`userId`,`userType`,`status`,`created`,`created_by`,`updated`,`updated_by`,`byWhom`) VALUES(2,'ADV000000000A','ADV000000000B',1,1,'2020-10-17 13:42:42','ADV000000000B','2020-10-17 13:42:42','ADV000000000B','ADV000000000B');
INSERT INTO `followerstatus` (`followerStatusId`,`status`) VALUES (1,'active');
INSERT INTO `usertype` (`id`,`desc`) VALUES (1,'advisor');
INSERT INTO `promotion` (`promotionId`,`title`,`video`,`advId`,`imagePath`,`aboutVideo`,`delete_flag`) values (1,'promotion','promo video','ADV000000000A','promo.jpg','This is my promotion details','N');
INSERT INTO `serviceplan` (`servicePlanId`,`prodId`,`serviceId`,`brandId`,`servicePlan`,`servicePlanLink`) VALUES (1,3,1,1,'Retirement Plan','URL');
INSERT INTO `usertype` (`id`,`desc`) VALUES (2,'investor');
INSERT INTO `chatuser` (`chatUserId`,`advId`,`userId`,`userType`,`status`,`created`,`created_by`,`updated`,`updated_by`,`byWhom`) VALUES (1,'ADV000000000A','INV000000000A',2,1,'2020-10-17 13:42:42','ADV000000000A','2020-10-17 13:42:42','ADV000000000A','INV000000000A');
INSERT INTO `signin_verification` (`verificationId`,`mailId`,`created`) VALUES (1,'jeyanthi@sowisetech.com','2021-02-08 12:32:40');


